TotalUnits,ActiveSubs,Latitude,Longitude,OwnerType
150,2,33.62142,-84.51315,Multiple
144,1,33.63386,-84.4915,Non-Profit
326,1,33.64703,-84.48832,For Profit
124,11,33.65979,-84.35265,Multiple
192,0,33.6623,-84.39315,For Profit
320,1,33.66825,-84.49487,For Profit
232,1,33.6684,-84.50071,For Profit
142,2,33.67162,-84.39002,For Profit
222,3,33.67268,-84.38455,For Profit
100,0,33.67284,-84.369,Non-Profit
238,1,33.67292,-84.39189,Non-Profit
10,1,33.67489,-84.45731,For Profit
47,1,33.67633,-84.54565,Non-Profit
109,1,33.67655,-84.4167,For Profit
168,1,33.67718,-84.49155,For Profit
100,1,33.67887,-84.39255,Non-Profit
240,1,33.67888,-84.4062,For Profit
200,1,33.67958,-84.37635,For Profit
136,2,33.6796,-84.39445,For Profit
210,1,33.68017,-84.37481,For Profit
94,0,33.6806,-84.49277,Non-Profit
100,0,33.6817,-84.3704,For Profit
160,1,33.682859,-84.49382,Non-Profit
192,1,33.68334,-84.39631,For Profit
240,3,33.68342,-84.41575,For Profit
166,1,33.68409,-84.50134,For Profit
240,1,33.6928,-84.62393,For Profit
166,1,33.6942,-84.35692,For Profit
250,2,33.69618,-84.41475,For Profit
204,2,33.69838,-84.3245,For Profit
323,1,33.69932,-84.46586,For Profit
250,2,33.70055,-84.45152,For Profit
376,1,33.70081,-84.48352,Multiple
200,1,33.70138,-84.40805,For Profit
191,1,33.70146,-84.42617,For Profit
100,1,33.70196,-84.45644,For Profit
46,0,33.70299,-84.46865,Non-Profit
300,3,33.70356,-84.45616,For Profit
62,1,33.70454,-84.46834,Multiple
181,1,33.70553,-84.37443,For Profit
48,2,33.70596,-84.39971,For Profit
30,1,33.70711,-84.38249,Non-Profit
396,1,33.70748,-84.35917,For Profit
100,1,33.70801,-84.38252,For Profit
180,1,33.70807,-84.48719,For Profit
192,2,33.70812,-84.39943,For Profit
120,0,33.7088,-84.44777,Non-Profit
100,2,33.70891,-84.40027,For Profit
96,1,33.70995,-84.44833,For Profit
78,1,33.7109,-84.38748,Non-Profit
77,1,33.71114,-84.38255,For Profit
338,1,33.71119,-84.35851,For Profit
12,1,33.71228,-84.39394,For Profit
136,0,33.71239,-84.52849,For Profit
165,2,33.71263,-84.38805,For Profit
220,2,33.71281,-84.38772,For Profit
90,2,33.71442,-84.39284,Multiple
94,0,33.71492,-84.39559,For Profit
176,1,33.71577,-84.32971,For Profit
110,4,33.71609,-84.39091,For Profit
302,1,33.71827,-84.36955,Multiple
153,8,33.71831,-84.52218,For Profit
111,1,33.71965,-84.42658,Non-Profit
21,2,33.72093,-84.42216,For Profit
60,1,33.72138,-84.31485,For Profit
60,0,33.72142,-84.31498,Non-Profit
100,2,33.72153,-84.31528,Non-Profit
228,0,33.72357,-84.34298,For Profit
112,1,33.72362,-84.51339,Multiple
250,2,33.72488,-84.32096,For Profit
105,1,33.72491,-84.3965,For Profit
64,2,33.72542,-84.51909,Non-Profit
44,2,33.72599,-84.38708,For Profit
10,1,33.72882,-84.39055,For Profit
60,2,33.72886,-84.38682,For Profit
188,1,33.72901,-84.36191,For Profit
99,3,33.72913,-84.38025,Multiple
10,1,33.73095,-84.39052,For Profit
39,1,33.73221,-84.38899,For Profit
150,0,33.73255,-84.40169,Non-Profit
48,2,33.73255,-84.38856,For Profit
220,1,33.73284,-84.40282,For Profit
94,1,33.73325,-84.38801,For Profit
210,1,33.73346,-84.51043,For Profit
100,1,33.73471,-84.41111,For Profit
100,2,33.7361,-84.42233,Non-Profit
144,1,33.73616,-84.41645,For Profit
19,0,33.73648,-84.42299,Non-Profit
201,1,33.73805,-84.40399,For Profit
110,1,33.73885,-84.39668,For Profit
155,4,33.73981,-84.40341,For Profit
156,2,33.73982,-84.40236,For Profit
164,2,33.73996,-84.4067,For Profit
176,2,33.74025,-84.34812,Non-Profit
116,1,33.74048,-84.31385,For Profit
120,1,33.74065,-84.51035,For Profit
284,0,33.74078,-84.31405,Non-Profit
164,1,33.74079,-84.40454,For Profit
174,3,33.74122,-84.4027,For Profit
2,1,33.74124,-84.42879,For Profit
180,1,33.74134,-84.39744,For Profit
180,1,33.74182,-84.39588,For Profit
177,1,33.74204,-84.41548,For Profit
24,4,33.74223,-84.51014,Non-Profit
26,2,33.74225,-84.41722,For Profit
240,1,33.7425,-84.5077,Non-Profit
190,2,33.74273,-84.4177,For Profit
21,1,33.74294,-84.4375,For Profit
21,0,33.74309,-84.43768,For Profit
2,1,33.74325,-84.42872,For Profit
2,1,33.74325,-84.42872,For Profit
2,1,33.74325,-84.42872,For Profit
2,1,33.74325,-84.42872,For Profit
100,1,33.74395,-84.42521,For Profit
122,3,33.744,-84.38312,For Profit
2,1,33.74413,-84.42828,For Profit
122,1,33.74424,-84.38224,For Profit
216,1,33.74459,-84.51346,For Profit
360,1,33.74486,-84.31689,For Profit
196,2,33.74532,-84.41843,Multiple
152,1,33.74556,-84.38549,For Profit
240,3,33.74588,-84.50847,Multiple
284,3,33.74619,-84.40821,For Profit
224,1,33.7463,-84.55566,For Profit
210,0,33.74646,-84.39545,Non-Profit
209,1,33.747124,-84.391388,For Profit
108,0,33.74719,-84.49662,For Profit
172,1,33.74723,-84.31952,Non-Profit
269,1,33.74757,-84.37494,For Profit
164,1,33.74786,-84.42096,For Profit
48,0,33.74856,-84.43367,Non-Profit
164,1,33.74901,-84.3922,For Profit
30,1,33.74932,-84.35252,Non-Profit
179,3,33.74974,-84.47296,Multiple
207,1,33.74985,-84.369,For Profit
78,1,33.75125,-84.35997,For Profit
158,3,33.7516,-84.47043,Multiple
150,5,33.75161,-84.3783,For Profit
183,1,33.75193,-84.46728,For Profit
43,2,33.75242,-84.32441,For Profit
32,2,33.75272,-84.35013,For Profit
127,1,33.75276,-84.40167,For Profit
457,3,33.75285,-84.48974,For Profit
271,1,33.75313,-84.37367,For Profit
171,2,33.7532,-84.47893,For Profit
102,2,33.75364,-84.37672,For Profit
202,1,33.75377,-84.47407,For Profit
76,2,33.75391,-84.37545,Non-Profit
46,1,33.75421,-84.38129,Non-Profit
154,1,33.75466,-84.37554,For Profit
114,1,33.75476,-84.3899,For Profit
76,1,33.75501,-84.37562,For Profit
13,0,33.75504,-84.50492,Non-Profit
457,0,33.75506,-84.48999,For Profit
210,0,33.75512,-84.37519,Non-Profit
204,1,33.7555,-84.33606,For Profit
102,2,33.75556,-84.40241,Non-Profit
100,1,33.756,-84.34583,Non-Profit
182,0,33.75608,-84.38077,Non-Profit
189,3,33.75659,-84.39831,For Profit
27,1,33.75684,-84.38513,For Profit
15,1,33.75691,-84.39002,For Profit
225,1,33.75703,-84.38944,Non-Profit
58,1,33.75772,-84.37022,Non-Profit
58,0,33.75786,-84.371,Non-Profit
180,1,33.75803,-84.41203,For Profit
222,1,33.758232,-84.414017,For Profit
90,1,33.75827,-84.50343,For Profit
136,3,33.75833,-84.34579,Multiple
132,0,33.75838,-84.34483,For Profit
132,2,33.75839,-84.345,Multiple
40,2,33.76003,-84.32151,Multiple
90,0,33.76032,-84.38605,For Profit
58,0,33.7611,-84.50272,For Profit
102,0,33.76136,-84.50018,For Profit
150,1,33.76148,-84.38788,For Profit
152,0,33.76406,-84.51325,For Profit
150,1,33.76445,-84.3741,For Profit
120,1,33.76448,-84.38568,Multiple
153,2,33.76459,-84.51024,For Profit
98,2,33.7648,-84.44062,For Profit
157,7,33.76778,-84.37228,For Profit
170,2,33.76791,-84.39395,For Profit
65,1,33.76817,-84.36052,For Profit
186,4,33.76888,-84.3922,For Profit
36,1,33.77223,-84.37437,Non-Profit
100,2,33.77322,-84.35015,Non-Profit
61,1,33.7734,-84.35604,For Profit
201,3,33.77418,-84.35306,For Profit
224,2,33.77451,-84.38268,Non-Profit
55,0,33.77752,-84.47023,Non-Profit
175,3,33.77784,-84.47742,For Profit
420,1,33.78229,-84.49299,For Profit
138,2,33.7854,-84.44616,For Profit
112,2,33.78572,-84.45835,Multiple
130,1,33.78876,-84.40515,Non-Profit
164,0,33.7891,-84.4728,For Profit
214,1,33.78913,-84.47643,For Profit
190,4,33.78998,-84.47005,For Profit
191,1,33.78998,-84.47005,For Profit
165,1,33.7908,-84.44122,For Profit
154,2,33.79185,-84.44316,For Profit
55,0,33.792118,-84.447681,Non-Profit
124,1,33.79378,-84.44809,For Profit
152,2,33.79443,-84.45034,For Profit
132,2,33.79503,-84.45028,For Profit
216,1,33.79956,-84.47237,Multiple
163,2,33.801,-84.46771,For Profit
120,1,33.80206,-84.39287,For Profit
230,0,33.8061,-84.33597,Non-Profit
201,0,33.80616,-84.336,Non-Profit
50,1,33.81708,-84.45211,Non-Profit
152,1,33.82113,-84.44866,For Profit
196,1,33.83161,-84.38554,Non-Profit
342,4,33.83576,-84.38548,For Profit
125,2,33.83705,-84.3158,Non-Profit
241,2,33.83779,-84.37196,Non-Profit
8,1,33.83888,-84.42825,Non-Profit
60,0,33.84021,-84.42805,Non-Profit
200,2,33.84053,-84.42856,Non-Profit
197,2,33.91484,-84.37624,Non-Profit
152,1,33.91967,-84.33598,For Profit
125,1,33.98556,-84.35203,For Profit
58,1,37.73565,-122.1838,For Profit
13,0,37.74106,-122.17653,For Profit
12,0,37.74139,-122.14966,For Profit
49,0,37.74184,-122.16864,Non-Profit
12,0,37.74893,-122.16164,For Profit
137,1,37.75014,-122.18585,Non-Profit
20,1,37.75182,-122.18488,Non-Profit
76,0,37.75556,-122.17951,Non-Profit
51,1,37.75591,-122.18075,Non-Profit
71,1,37.75661,-122.19717,For Profit
115,1,37.75713,-122.19681,For Profit
146,1,37.75727,-122.19978,For Profit
24,2,37.7582,-122.18506,Non-Profit
54,2,37.76112,-122.16326,Non-Profit
120,1,37.76125,-122.16159,Non-Profit
20,1,37.76235,-122.16451,For Profit
30,1,37.76248,-122.19365,Non-Profit
1,0,37.76287,-122.1943,For Profit
4,1,37.76415,-122.17122,For Profit
12,1,37.7647,-122.1687,Non-Profit
24,1,37.76478,-122.19851,For Profit
69,1,37.76814,-122.17923,For Profit
65,0,37.76974,-122.17581,For Profit
19,1,37.76996,-122.17737,Non-Profit
51,1,37.77036,-122.18396,Multiple
54,0,37.77039,-122.18522,For Profit
61,0,37.77144,-122.19534,Non-Profit
4,0,37.77316,-122.1996,For Profit
68,1,37.77434,-122.22165,Non-Profit
92,2,37.7816,-122.23393,Multiple
26,1,37.78187,-122.23316,Multiple
20,2,37.78283,-122.21979,Multiple
35,1,37.783,-122.23079,For Profit
42,0,37.78397,-122.22854,For Profit
65,2,37.7844,-122.22732,Non-Profit
100,2,37.78534,-122.22219,Non-Profit
106,1,37.78668,-122.21171,For Profit
9,0,37.78827,-122.24211,For Profit
4,1,37.78975,-122.23073,For Profit
54,2,37.79282,-122.25388,Non-Profit
1,0,37.79293,-122.22645,For Profit
4,0,37.79342,-122.21343,For Profit
117,1,37.79349,-122.25141,For Profit
23,0,37.7942,-122.2389,For Profit
69,1,37.79564,-122.26639,Non-Profit
40,1,37.79665,-122.25668,For Profit
80,3,37.79693,-122.25673,Non-Profit
30,1,37.79739,-122.24206,For Profit
66,1,37.79778,-122.25766,For Profit
55,1,37.79903,-122.25719,For Profit
39,1,37.79909,-122.26422,For Profit
82,2,37.79989,-122.21408,For Profit
143,2,37.79992,-122.25528,For Profit
9,0,37.8001,-122.21495,For Profit
93,4,37.80019,-122.22132,Non-Profit
32,1,37.8004,-122.27457,For Profit
19,1,37.80137,-122.2057,Non-Profit
18,1,37.80191,-122.27563,For Profit
119,1,37.802,-122.2677,For Profit
315,2,37.80205,-122.26734,For Profit
102,2,37.8025,-122.27072,For Profit
50,1,37.80267,-122.21665,Non-Profit
195,3,37.80301,-122.26181,For Profit
81,1,37.80314,-122.26759,For Profit
130,2,37.8032,-122.26611,Non-Profit
106,1,37.80342,-122.26741,For Profit
126,1,37.80352,-122.285,For Profit
124,1,37.80352,-122.285,For Profit
231,2,37.80424,-122.28562,For Profit
73,1,37.80484,-122.26653,Multiple
168,2,37.80487,-122.29227,For Profit
61,1,37.80497,-122.28021,Non-Profit
101,3,37.80537,-122.28187,Non-Profit
102,2,37.80588,-122.27462,Non-Profit
73,1,37.8059,-122.2749,For Profit
25,1,37.80636,-122.28652,Non-Profit
54,0,37.80638,-122.2816,Non-Profit
202,1,37.8066,-122.27461,For Profit
32,0,37.80666,-122.30078,For Profit
346,1,37.80671,-122.22416,Non-Profit
26,1,37.80704,-122.27573,For Profit
22,1,37.80764,-122.30226,For Profit
31,1,37.80807,-122.29317,For Profit
196,2,37.80842,-122.28101,For Profit
27,1,37.80892,-122.2825,Non-Profit
66,1,37.8097,-122.29333,Non-Profit
144,1,37.80976,-122.2732,For Profit
93,1,37.81044,-122.26965,For Profit
352,1,37.81054,-122.27017,For Profit
2,1,37.81075,-122.29866,For Profit
89,1,37.81076,-122.27866,For Profit
10,2,37.81184,-122.28291,Non-Profit
41,2,37.81294,-122.2702,Non-Profit
201,1,37.81373,-122.26973,Non-Profit
13,0,37.81451,-122.25767,Non-Profit
151,1,37.81533,-122.28234,Non-Profit
42,2,37.816,-122.26852,For Profit
200,1,37.816,-122.26227,For Profit
200,2,37.81605,-122.26256,For Profit
150,2,37.81624,-122.26257,Non-Profit
20,1,37.81663,-122.26581,For Profit
43,1,37.81699,-122.27553,For Profit
38,0,37.81704,-122.28321,For Profit
1,0,37.81713,-122.27637,For Profit
250,1,37.82307,-122.2565,Multiple
2,0,37.82333,-122.28803,For Profit
65,1,37.8237,-122.2777,For Profit
60,2,37.82374,-122.27753,Non-Profit
2,0,37.82528,-122.28673,For Profit
150,1,37.82679,-122.27867,For Profit
77,3,37.82767,-122.25428,For Profit
12,0,37.83179,-122.25338,For Profit
2,1,37.83458,-122.27431,For Profit
201,2,37.83873,-122.2623,Multiple
39,1,37.83966,-122.2519,Non-Profit
17,2,37.8434,-122.28044,For Profit
88,2,37.84352,-122.27071,Non-Profit
44,0,37.84715,-122.28393,Non-Profit
77,2,37.84716,-122.26604,For Profit
55,2,37.84728,-122.28472,Non-Profit
98,1,40.34165,-79.98208,For Profit
100,1,40.36243,-80.06672,For Profit
62,0,40.36704,-79.96601,For Profit
100,0,40.37198,-80.03331,Non-Profit
135,0,40.375731,-80.068781,Non-Profit
47,2,40.38338,-79.9713,For Profit
144,1,40.38559,-79.9419,For Profit
1,0,40.38925,-79.98918,For Profit
26,0,40.3912,-80.01524,Non-Profit
77,2,40.39199,-80.01007,Multiple
43,0,40.39721,-80.03592,Non-Profit
52,2,40.40567,-80.02685,Non-Profit
3,0,40.40571,-79.94604,For Profit
97,2,40.40866,-79.94237,For Profit
190,1,40.41025,-79.85326,For Profit
2,0,40.41136,-80.02074,For Profit
219,1,40.41188,-79.85428,For Profit
30,0,40.41246,-79.98723,Non-Profit
137,0,40.41367,-79.92156,Non-Profit
12,1,40.4145,-79.99264,Non-Profit
25,0,40.41556,-79.99347,For Profit
23,1,40.4166,-80.00881,Non-Profit
1,1,40.41753,-80.00877,For Profit
25,1,40.41979,-79.8496,Non-Profit
4,0,40.42001,-79.97266,For Profit
43,1,40.42195,-80.00932,Non-Profit
102,1,40.42206,-79.89106,For Profit
107,2,40.42336,-80.00477,For Profit
2,0,40.42466,-80.01113,For Profit
2,0,40.42622,-79.96824,For Profit
40,0,40.42641,-79.94315,Non-Profit
133,2,40.42729,-80.06001,For Profit
98,2,40.42734,-80.00716,Non-Profit
133,1,40.42857,-79.97598,For Profit
117,1,40.42966,-79.92159,Non-Profit
15,1,40.43063,-79.95295,Non-Profit
20,1,40.43142,-80.00793,For Profit
12,0,40.43329,-79.92489,Non-Profit
106,2,40.43632,-80.06869,For Profit
10,1,40.43732,-79.92095,Non-Profit
43,2,40.43738,-79.9761,Non-Profit
56,1,40.43775,-80.02127,Non-Profit
24,2,40.4383,-79.87912,Non-Profit
50,1,40.43837,-79.9759,For Profit
50,1,40.43896,-79.95262,For Profit
15,1,40.43899,-79.98373,Non-Profit
270,0,40.43946,-80.00117,For Profit
4,0,40.43987,-80.03446,For Profit
56,1,40.44006,-79.98204,Multiple
23,2,40.44011,-79.98038,For Profit
23,1,40.44026,-79.98091,For Profit
4,0,40.44027,-79.8847,For Profit
203,0,40.441021,-79.985995,For Profit
15,1,40.44131,-79.8858,For Profit
88,0,40.44191,-80.0022,For Profit
44,1,40.44193,-80.04635,Non-Profit
23,1,40.44201,-79.98032,For Profit
97,2,40.4424,-79.88514,For Profit
74,1,40.4424,-79.98577,For Profit
94,2,40.4426,-80.0002,For Profit
101,2,40.44288,-79.98017,Non-Profit
191,0,40.44291,-80.00184,For Profit
150,1,40.44295,-79.96821,Multiple
61,1,40.44297,-80.06364,Non-Profit
63,1,40.4431,-79.9821,For Profit
17,1,40.443416,-79.983457,For Profit
27,1,40.4435,-80.04249,Non-Profit
48,1,40.44355,-79.97814,For Profit
60,2,40.44363,-80.00074,For Profit
14,2,40.44374,-79.86936,For Profit
190,1,40.44398,-79.98695,For Profit
24,1,40.44477,-79.97976,Non-Profit
108,2,40.44482,-79.97798,For Profit
66,2,40.44483,-79.98571,For Profit
99,1,40.44589,-79.98051,For Profit
4,1,40.44594,-79.97003,For Profit
15,1,40.44631,-79.96918,Non-Profit
200,1,40.44691,-80.0528,For Profit
58,1,40.44711,-79.96695,Non-Profit
81,1,40.44736,-80.05195,For Profit
116,2,40.44796,-79.97918,For Profit
36,0,40.44905,-79.89991,For Profit
1,0,40.45034,-79.88856,For Profit
21,1,40.45087,-80.02633,Non-Profit
158,1,40.45111,-79.95351,For Profit
8,1,40.45187,-79.9597,For Profit
136,2,40.45218,-80.00279,For Profit
39,1,40.45232,-79.9689,Non-Profit
20,1,40.45241,-80.02602,For Profit
32,0,40.45283,-79.96901,Non-Profit
91,0,40.45312,-79.87471,For Profit
37,2,40.45319,-79.96967,For Profit
20,0,40.45324,-80.02153,For Profit
141,1,40.45374,-79.95373,For Profit
73,2,40.45406,-80.05327,Non-Profit
112,3,40.45438,-80.01418,Multiple
117,5,40.45456,-79.86935,For Profit
25,1,40.45459,-80.02202,For Profit
115,0,40.45508,-79.89386,For Profit
248,0,40.45512,-79.85829,For Profit
140,1,40.45519,-79.86675,For Profit
66,2,40.45543,-79.87102,For Profit
91,1,40.456131,-80.032072,Multiple
52,2,40.45626,-79.89496,Non-Profit
71,3,40.4567,-79.90096,For Profit
324,1,40.45672,-80.01516,For Profit
1,1,40.45691,-79.88205,For Profit
24,1,40.45694,-80.0108,For Profit
25,1,40.45697,-80.01677,Non-Profit
31,1,40.45699,-80.00886,Non-Profit
70,2,40.45721,-79.96498,Non-Profit
101,2,40.45742,-79.89769,For Profit
22,1,40.45809,-80.00048,For Profit
4,0,40.45825,-80.00837,For Profit
126,1,40.45827,-79.8881,For Profit
1,1,40.45834,-79.92296,For Profit
141,2,40.45864,-79.87383,Multiple
75,2,40.45865,-79.90258,Non-Profit
51,3,40.45899,-79.87417,For Profit
24,0,40.459011,-80.02137,Non-Profit
1,1,40.45903,-79.99424,For Profit
1,1,40.45938,-79.90507,For Profit
37,1,40.45993,-79.93057,Non-Profit
124,1,40.46172,-79.92197,For Profit
56,1,40.4618,-79.96604,For Profit
59,0,40.46207,-79.96257,For Profit
127,1,40.46215,-79.91928,Non-Profit
1,1,40.46225,-79.89624,For Profit
100,1,40.46301,-79.82879,For Profit
101,2,40.46314,-79.99184,Non-Profit
11,0,40.46333,-79.71063,Non-Profit
55,1,40.46341,-79.92875,Non-Profit
78,2,40.46375,-79.9295,Non-Profit
125,1,40.46394,-79.83838,For Profit
28,1,40.46409,-79.89688,For Profit
18,1,40.46462,-79.93186,Non-Profit
38,0,40.46469,-79.92861,Non-Profit
60,2,40.46482,-79.93375,Non-Profit
88,2,40.46482,-79.96428,Non-Profit
36,1,40.46489,-79.93765,Non-Profit
24,2,40.46489,-79.92473,Multiple
102,3,40.46529,-79.95785,Multiple
56,1,40.46548,-79.91903,Non-Profit
102,3,40.46611,-79.92055,Multiple
26,0,40.46632,-80.00991,Non-Profit
2,0,40.46653,-80.01202,For Profit
52,0,40.46681,-80.03086,For Profit
24,0,40.46712,-79.92795,Non-Profit
198,1,40.46721,-79.99357,For Profit
101,2,40.46784,-80.01034,For Profit
1,0,40.47092,-79.89002,For Profit
1,0,40.47092,-79.89002,For Profit
11,1,40.47127,-79.92453,Non-Profit
5,0,40.47157,-80.01392,For Profit
76,3,40.47166,-79.933,Non-Profit
80,2,40.47178,-80.01054,Non-Profit
45,1,40.471939,-79.936314,For Profit
8,0,40.47199,-80.01032,For Profit
81,3,40.47269,-79.89402,For Profit
6,0,40.47323,-79.79697,Non-Profit
51,0,40.47611,-79.9591,Non-Profit
50,2,40.47739,-80.04137,Non-Profit
10,0,40.47745,-79.93294,For Profit
18,0,40.47864,-80.04132,For Profit
99,2,40.48008,-80.03771,Non-Profit
11,2,40.48151,-80.01387,Non-Profit
43,0,40.48342,-80.03544,Non-Profit
36,2,40.48887,-79.75219,Non-Profit
69,1,40.4934,-80.05406,For Profit
13,0,40.49697,-79.86455,Non-Profit
47,2,40.49818,-79.94567,Non-Profit
100,2,40.50131,-80.06213,For Profit
71,1,40.51225,-80.0457,For Profit
49,2,40.51866,-79.95845,Non-Profit
88,1,40.5279,-80.02391,For Profit
93,1,40.5399,-80.01913,For Profit
135,2,40.54673,-80.02081,For Profit
60,4,40.5497,-80.0152,For Profit
60,0,40.55045,-80.03305,For Profit
30,2,40.55663,-80.05763,For Profit
132,1,29.91115,-89.98654,For Profit
81,0,29.9186,-89.98294,Non-Profit
307,1,29.91927,-90.02051,For Profit
159,1,29.92055,-90.02262,For Profit
99,2,29.92296,-90.02217,For Profit
40,0,29.92385,-89.98447,Non-Profit
88,1,29.92504,-90.08053,Non-Profit
57,1,29.9294,-90.07342,For Profit
126,1,29.92967,-90.07446,Multiple
2,0,29.93123,-90.03372,For Profit
2,0,29.93123,-90.03372,For Profit
52,0,29.93124,-90.07647,For Profit
2,0,29.93131,-90.0339,For Profit
42,1,29.93328,-90.09378,Multiple
4,0,29.93333,-90.09262,For Profit
2,1,29.93352,-90.03675,For Profit
20,2,29.93377,-90.03948,For Profit
52,0,29.93379,-90.07742,Non-Profit
36,1,29.93409,-90.09327,For Profit
4,1,29.93447,-90.08849,For Profit
2,0,29.93569,-90.09299,For Profit
38,1,29.93569,-90.09299,Non-Profit
93,1,29.93609,-90.09505,For Profit
32,1,29.93691,-90.032055,Non-Profit
48,1,29.93737,-90.08077,For Profit
18,1,29.93872,-90.08079,Non-Profit
16,0,29.9397,-90.09676,For Profit
8,0,29.93996,-90.08727,For Profit
34,2,29.9405,-90.08173,Non-Profit
3,1,29.94056,-90.03721,For Profit
163,1,29.94287,-90.07215,For Profit
30,0,29.94311,-90.09294,Non-Profit
4,0,29.94334,-90.08267,Non-Profit
32,1,29.94543,-90.18441,For Profit
70,2,29.94761,-90.12965,Multiple
189,1,29.95276,-90.07078,For Profit
75,0,29.95402,-90.01335,Non-Profit
110,0,29.95424,-90.01261,Non-Profit
4,0,29.95609,-90.00962,For Profit
29,1,29.95738,-90.10988,Non-Profit
35,1,29.95743,-90.11234,For Profit
6,0,29.95895,-90.12088,Non-Profit
60,3,29.95918,-90.08525,For Profit
49,1,29.96135,-90.0788,Non-Profit
30,2,29.96292,-90.03882,For Profit
146,2,29.96444,-90.05767,Non-Profit
60,2,29.96569,-90.09884,For Profit
19,1,29.96606,-90.08194,For Profit
32,1,29.96645,-90.03963,Non-Profit
32,0,29.96654,-90.08137,For Profit
199,1,29.96664,-90.10094,For Profit
80,1,29.96775,-90.10338,Non-Profit
32,1,29.96955,-90.03776,For Profit
106,2,29.96996,-90.05344,For Profit
140,2,29.97357,-90.07072,Non-Profit
13,1,29.97369,-90.07038,Non-Profit
24,2,29.97647,-90.07107,Non-Profit
150,2,29.99258,-90.06367,For Profit
102,0,30.0025,-90.04109,For Profit
108,1,30.011,-90.06512,Multiple
52,2,30.01139,-90.00581,For Profit
77,1,30.01163,-90.00357,Non-Profit
65,1,30.0125,-90.01217,For Profit
46,1,30.01418,-89.9874,For Profit
131,1,30.01574,-89.98045,For Profit
521,1,30.03051,-89.99091,For Profit
206,1,30.03822,-89.90624,For Profit
206,1,30.03838,-89.90575,For Profit
287,2,30.03875,-89.97393,Non-Profit
150,2,30.0472,-89.98816,For Profit
122,2,30.04729,-89.98798,For Profit
64,0,30.06277,-89.96078,Non-Profit
153,0,39.048131,-76.827269,For Profit
125,0,39.23559,-76.44494,Non-Profit
49,1,39.24458,-76.66093,Non-Profit
34,1,39.2447,-76.51233,For Profit
23,0,39.248046,-76.472684,Non-Profit
126,0,39.25086,-76.61829,For Profit
187,2,39.25138,-76.6322,For Profit
127,1,39.25181,-76.6185,For Profit
90,0,39.2618,-76.66986,Non-Profit
109,2,39.26874,-76.66988,Non-Profit
20,1,39.27532,-76.61349,Non-Profit
56,0,39.27716,-76.56929,Non-Profit
23,0,39.27787,-76.61737,For Profit
71,1,39.27824,-76.68322,Non-Profit
192,3,39.27884,-76.61686,For Profit
49,0,39.27885,-76.61116,For Profit
94,0,39.27981,-76.69706,For Profit
288,1,39.28025,-76.61515,Non-Profit
101,2,39.28118,-76.65703,For Profit
100,1,39.28174,-76.68671,Non-Profit
394,2,39.28252,-76.68764,For Profit
199,1,39.28423,-76.61468,For Profit
110,0,39.2847,-76.59126,Non-Profit
35,1,39.28523,-76.64363,Non-Profit
20,1,39.28545,-76.59439,Non-Profit
110,3,39.28585,-76.63044,Multiple
20,1,39.28637,-76.63,Non-Profit
46,1,39.28641,-76.63292,For Profit
106,0,39.28658,-76.62216,Non-Profit
60,1,39.28681,-76.65232,For Profit
27,1,39.28683,-76.65792,For Profit
84,2,39.28736,-76.64518,Non-Profit
8,0,39.28757,-76.65351,Non-Profit
15,0,39.28781,-76.71126,Non-Profit
89,0,39.28797,-76.65157,Non-Profit
30,1,39.2881,-76.64593,Non-Profit
30,1,39.28828,-76.64597,Non-Profit
29,2,39.28828,-76.64597,Non-Profit
30,0,39.28828,-76.64597,For Profit
12,0,39.28865,-76.63826,Non-Profit
124,1,39.28869,-76.59978,For Profit
124,0,39.28916,-76.59955,For Profit
72,3,39.28956,-76.64128,For Profit
209,1,39.28987,-76.63752,Multiple
111,3,39.2899,-76.63116,Multiple
130,2,39.29038,-76.59395,Non-Profit
20,0,39.29051,-76.61399,Non-Profit
54,0,39.29062,-76.54449,Non-Profit
123,3,39.29067,-76.63165,For Profit
74,0,39.29078,-76.56354,For Profit
65,2,39.29125,-76.64388,For Profit
1,0,39.2915,-76.58973,Non-Profit
100,1,39.29177,-76.61528,For Profit
60,2,39.29189,-76.71044,Non-Profit
20,0,39.29252,-76.579,For Profit
88,2,39.29254,-76.62986,For Profit
203,0,39.29267,-76.63121,For Profit
51,0,39.29308,-76.53533,Non-Profit
132,0,39.29316,-76.59718,For Profit
203,2,39.29327,-76.62783,For Profit
108,0,39.29401,-76.70407,Non-Profit
108,1,39.29407,-76.70415,For Profit
150,0,39.29413,-76.58922,For Profit
8,0,39.29441,-76.62113,For Profit
75,1,39.29451,-76.6326,For Profit
198,1,39.29482,-76.6249,For Profit
16,0,39.29493,-76.58499,For Profit
38,2,39.29497,-76.62191,For Profit
201,2,39.29516,-76.61728,Non-Profit
29,1,39.29526,-76.61501,Non-Profit
282,1,39.29537,-76.61565,Non-Profit
74,1,39.29537,-76.64067,For Profit
49,1,39.29543,-76.62449,Multiple
58,1,39.29604,-76.62143,For Profit
12,0,39.29611,-76.63582,For Profit
180,2,39.29612,-76.62469,For Profit
100,2,39.29681,-76.63567,Non-Profit
147,1,39.29682,-76.62651,For Profit
101,2,39.29683,-76.62481,For Profit
58,0,39.297181,-76.607718,For Profit
29,0,39.297181,-76.607718,Non-Profit
211,2,39.2986,-76.62867,For Profit
151,0,39.29866,-76.63575,Non-Profit
70,2,39.2989,-76.59724,For Profit
8,0,39.29906,-76.62164,Non-Profit
15,0,39.29922,-76.63622,Non-Profit
204,1,39.29938,-76.59842,Multiple
21,0,39.29974,-76.63582,For Profit
120,1,39.30011,-76.64235,For Profit
198,4,39.30022,-76.63069,For Profit
86,0,39.3005,-76.58021,For Profit
262,0,39.30066,-76.68395,For Profit
96,2,39.30076,-76.59785,For Profit
15,0,39.3015,-76.64181,For Profit
78,1,39.30161,-76.62788,For Profit
74,1,39.30179,-76.59459,For Profit
78,1,39.30183,-76.59348,For Profit
17,0,39.30225,-76.59458,For Profit
15,0,39.30236,-76.59106,For Profit
86,1,39.303022,-76.547282,For Profit
149,2,39.30311,-76.59573,For Profit
260,2,39.30331,-76.62265,For Profit
6,0,39.30406,-76.62826,For Profit
28,0,39.30454,-76.63755,For Profit
4,0,39.30457,-76.61256,For Profit
9,0,39.30457,-76.61258,For Profit
13,1,39.30463,-76.63159,Non-Profit
13,0,39.30466,-76.63163,For Profit
218,3,39.3047,-76.60934,For Profit
80,1,39.30471,-76.58641,For Profit
74,2,39.30489,-76.60811,Non-Profit
60,2,39.30531,-76.6122,For Profit
24,1,39.3059,-76.6317,Non-Profit
74,0,39.30632,-76.71435,Non-Profit
207,1,39.30662,-76.62826,For Profit
286,2,39.30691,-76.62786,For Profit
69,1,39.30699,-76.6097,Non-Profit
102,2,39.30703,-76.57989,Non-Profit
45,0,39.30721,-76.5997,For Profit
227,1,39.30722,-76.62971,For Profit
54,2,39.30732,-76.60246,For Profit
100,1,39.30749,-76.72164,For Profit
30,0,39.30751,-76.60079,Non-Profit
12,0,39.30753,-76.6338,For Profit
100,0,39.30816,-76.64352,For Profit
139,2,39.3091,-76.61238,For Profit
64,1,39.30914,-76.66814,Non-Profit
48,0,39.30918,-76.6353,Non-Profit
23,1,39.30939,-76.63484,Non-Profit
321,3,39.30944,-76.60141,For Profit
56,1,39.30961,-76.63348,For Profit
30,0,39.30981,-76.61656,For Profit
58,0,39.30993,-76.58727,Non-Profit
209,1,39.30997,-76.62388,For Profit
80,1,39.31007,-76.66268,Non-Profit
72,2,39.31009,-76.6557,Multiple
66,0,39.31022,-76.64145,Non-Profit
20,0,39.31038,-76.61499,Non-Profit
50,3,39.31062,-76.65279,For Profit
202,0,39.31082,-76.62853,For Profit
15,0,39.311,-76.618,For Profit
91,1,39.31211,-76.64507,For Profit
55,1,39.31226,-76.58256,For Profit
100,2,39.31226,-76.58256,For Profit
77,2,39.31234,-76.55974,For Profit
100,1,39.31254,-76.5598,For Profit
80,1,39.31292,-76.76458,Non-Profit
64,0,39.31294,-76.63287,Non-Profit
30,0,39.31373,-76.63157,For Profit
64,1,39.31383,-76.6313,For Profit
15,2,39.31384,-76.63568,Non-Profit
29,0,39.31388,-76.62954,For Profit
22,2,39.31444,-76.61824,For Profit
146,0,39.31502,-76.64006,For Profit
207,1,39.31512,-76.6384,For Profit
1,0,39.31522,-76.59314,Non-Profit
102,1,39.31534,-76.61675,Non-Profit
12,0,39.31544,-76.63253,Non-Profit
11,0,39.31545,-76.61812,For Profit
60,1,39.31619,-76.54318,For Profit
47,0,39.31687,-76.63624,For Profit
40,0,39.31762,-76.66056,Non-Profit
14,1,39.31786,-76.61472,For Profit
30,1,39.31804,-76.61251,For Profit
125,2,39.31879,-76.55157,For Profit
5,0,39.32021,-76.61292,Non-Profit
22,0,39.320589,-76.618169,Non-Profit
85,1,39.32084,-76.65705,Non-Profit
36,0,39.32169,-76.65508,Non-Profit
72,0,39.32174,-76.67456,For Profit
78,0,39.32239,-76.67607,For Profit
90,2,39.32275,-76.68066,Non-Profit
78,0,39.32349,-76.5534,For Profit
19,2,39.32623,-76.60367,Non-Profit
170,3,39.32854,-76.54671,For Profit
110,0,39.32861,-76.60182,For Profit
71,0,39.32861,-76.60159,Non-Profit
74,1,39.32861,-76.6017,Non-Profit
22,0,39.33011,-76.70619,Non-Profit
85,1,39.33094,-76.59948,Non-Profit
301,1,39.33127,-76.65785,Non-Profit
301,1,39.33128,-76.65786,For Profit
8,0,39.33169,-76.63509,Non-Profit
75,0,39.33172,-76.69867,For Profit
75,1,39.3318,-76.69723,For Profit
154,3,39.33276,-76.6556,Multiple
30,1,39.3345,-76.60461,For Profit
99,2,39.33485,-76.67594,Non-Profit
360,1,39.33503,-76.63304,Non-Profit
12,0,39.33697,-76.54448,Non-Profit
29,1,39.33854,-76.57699,Multiple
6,0,39.33888,-76.55072,Non-Profit
56,0,39.3392,-76.69077,Non-Profit
53,0,39.33953,-76.68159,Non-Profit
207,1,39.33981,-76.65876,For Profit
60,0,39.3404,-76.66359,Non-Profit
67,0,39.34189,-76.69597,Non-Profit
24,0,39.34203,-76.67335,For Profit
47,2,39.34207,-76.67333,For Profit
48,2,39.34303,-76.66925,Multiple
151,3,39.3462,-76.65725,For Profit
10,0,39.34755,-76.61089,Non-Profit
99,1,39.34756,-76.6548,For Profit
10,0,39.34821,-76.56228,Non-Profit
69,1,39.34854,-76.53778,Non-Profit
22,0,39.34903,-76.6965,Non-Profit
10,0,39.34908,-76.57021,Non-Profit
20,1,39.34999,-76.61266,Non-Profit
30,2,39.35041,-76.56319,Non-Profit
84,2,39.35151,-76.68297,For Profit
41,1,39.35176,-76.61106,Non-Profit
33,1,39.35182,-76.60962,Non-Profit
11,0,39.35188,-76.57315,Non-Profit
231,2,39.35329,-76.66534,Non-Profit
123,2,39.35429,-76.68683,For Profit
99,1,39.35572,-76.68825,For Profit
22,0,39.35694,-76.56031,For Profit
8,0,39.35694,-76.56031,Non-Profit
94,2,39.35797,-76.58309,Non-Profit
71,1,39.3589,-76.58881,Non-Profit
109,4,39.35902,-76.69756,For Profit
186,1,39.35916,-76.69744,Multiple
12,0,39.36069,-76.56285,Non-Profit
100,1,39.36241,-76.52654,Multiple
212,0,39.36584,-76.60571,For Profit
216,1,39.36616,-76.60595,For Profit
72,0,39.36935,-76.69419,Non-Profit
168,2,39.37024,-76.60968,For Profit
261,2,39.37141,-76.58225,For Profit
88,1,39.37277,-76.60275,Non-Profit
86,0,39.37417,-76.5088,Multiple
8,0,39.37761,-76.69235,Non-Profit
180,0,39.3807,-76.46449,For Profit
62,2,41.92987,-83.33215,For Profit
201,2,42.26791,-83.15663,For Profit
80,2,42.30752,-83.13709,Non-Profit
34,2,42.30904,-83.13284,Non-Profit
22,1,42.31259,-83.12848,Non-Profit
16,2,42.31267,-83.11274,Non-Profit
54,1,42.31333,-83.1288,For Profit
232,3,42.31473,-83.12572,For Profit
20,1,42.31719,-83.08482,For Profit
73,2,42.31753,-83.08563,For Profit
32,1,42.32051,-83.08727,Non-Profit
65,1,42.32181,-83.07586,Non-Profit
50,1,42.32281,-83.08777,Non-Profit
32,1,42.32452,-83.09457,Non-Profit
87,2,42.32862,-83.06736,For Profit
29,1,42.32883,-83.06229,Non-Profit
4,1,42.330156,-83.045892,For Profit
15,1,42.330156,-83.045892,For Profit
115,2,42.33259,-83.05022,For Profit
127,0,42.33266,-83.04894,Multiple
70,5,42.33311,-83.06469,For Profit
60,1,42.33367,-83.1062,For Profit
165,2,42.33377,-83.0511,For Profit
351,1,42.33474,-83.08712,Non-Profit
73,2,42.33535,-83.04986,For Profit
80,3,42.33845,-83.01659,Non-Profit
50,1,42.33905,-83.01657,Non-Profit
312,4,42.33917,-83.02359,For Profit
312,2,42.33917,-83.02359,For Profit
121,1,42.33958,-83.08042,For Profit
88,1,42.34023,-83.08304,Non-Profit
60,1,42.34088,-83.08204,Non-Profit
67,1,42.3421,-83.07705,For Profit
100,1,42.34257,-83.07085,Non-Profit
66,1,42.34272,-83.08134,Non-Profit
168,3,42.34288,-83.02605,Multiple
199,1,42.34332,-83.02623,For Profit
144,1,42.3439,-83.02576,For Profit
197,1,42.34423,-83.07826,For Profit
35,1,42.34476,-83.06306,For Profit
70,1,42.34512,-83.05742,For Profit
113,1,42.34524,-83.05083,Non-Profit
45,1,42.34547,-83.08877,Non-Profit
129,0,42.34584,-83.02767,For Profit
144,0,42.34605,-83.02772,For Profit
120,1,42.34609,-83.06417,For Profit
129,2,42.3461,-83.02185,For Profit
350,3,42.34622,-83.02217,For Profit
24,1,42.34642,-83.06395,Non-Profit
248,1,42.34644,-83.05735,For Profit
51,2,42.34671,-83.06158,For Profit
144,0,42.34784,-83.02801,For Profit
11,1,42.34816,-83.00283,Non-Profit
28,1,42.34823,-83.07641,For Profit
82,1,42.3483,-83.05944,For Profit
30,2,42.34836,-83.06627,For Profit
11,1,42.34843,-83.00293,Non-Profit
46,2,42.34858,-83.06527,Non-Profit
16,1,42.34869,-83.06832,For Profit
36,1,42.34871,-83.10911,Non-Profit
100,2,42.34882,-83.03257,Non-Profit
112,0,42.34909,-83.02361,For Profit
56,1,42.34921,-83.03162,For Profit
27,2,42.34931,-83.00148,For Profit
12,1,42.3495,-83.06699,For Profit
60,2,42.34973,-83.06625,For Profit
556,1,42.34984,-83.02432,For Profit
472,2,42.35046,-82.99615,For Profit
12,2,42.35046,-83.07779,For Profit
24,1,42.3505,-83.07564,For Profit
300,2,42.3505,-83.05995,For Profit
28,1,42.35073,-83.00414,For Profit
180,2,42.35104,-83.02739,For Profit
21,1,42.35112,-83.00268,Non-Profit
104,1,42.35127,-83.06934,For Profit
120,1,42.35227,-83.04606,For Profit
126,1,42.35266,-83.04816,For Profit
97,1,42.35281,-83.0232,For Profit
160,0,42.35284,-83.06091,For Profit
120,1,42.3532,-83.07072,For Profit
120,1,42.35345,-83.07087,For Profit
352,2,42.35351,-83.07389,For Profit
280,2,42.35355,-82.99138,For Profit
60,1,42.35363,-83.00606,For Profit
96,1,42.35406,-83.20783,For Profit
53,1,42.35415,-83.04867,Non-Profit
53,1,42.35415,-83.04868,Non-Profit
100,1,42.35437,-83.04745,For Profit
16,2,42.3547,-83.00483,For Profit
150,1,42.35529,-83.06193,For Profit
15,1,42.35626,-82.98185,For Profit
35,1,42.35656,-83.1577,Non-Profit
245,2,42.35658,-83.0812,For Profit
160,2,42.35724,-83.04947,For Profit
78,2,42.3579,-83.20549,For Profit
45,0,42.35804,-83.20079,Non-Profit
198,2,42.35876,-83.05942,For Profit
160,1,42.35928,-82.98413,For Profit
49,1,42.35928,-83.04084,For Profit
100,1,42.35954,-83.06031,Non-Profit
48,4,42.35994,-83.21052,For Profit
194,1,42.36023,-83.05349,For Profit
127,1,42.36044,-83.06039,For Profit
388,3,42.36053,-83.05367,For Profit
30,1,42.36189,-83.06166,For Profit
190,1,42.36202,-82.94651,For Profit
146,2,42.36222,-83.05433,For Profit
74,1,42.36225,-83.07875,For Profit
1,1,42.36234,-83.19405,For Profit
24,0,42.36262,-82.98946,For Profit
153,1,42.36266,-83.09329,For Profit
60,1,42.36325,-83.09223,For Profit
36,1,42.36345,-83.20269,For Profit
1,1,42.36429,-83.17149,For Profit
173,0,42.36451,-83.0636,For Profit
26,1,42.36479,-82.99279,For Profit
173,1,42.36524,-83.06072,For Profit
180,3,42.36621,-82.9499,Multiple
45,1,42.36672,-82.95784,Non-Profit
96,1,42.36686,-83.15295,For Profit
96,1,42.36705,-83.15261,For Profit
89,0,42.36727,-83.0648,For Profit
12,2,42.36739,-83.12954,Non-Profit
83,1,42.36739,-82.94944,For Profit
66,1,42.36755,-82.95169,For Profit
122,1,42.36768,-82.95065,Non-Profit
150,2,42.36769,-83.06753,For Profit
49,2,42.36822,-83.13138,For Profit
31,1,42.36857,-83.10541,Non-Profit
40,1,42.3687,-83.1111,For Profit
50,1,42.36892,-83.00488,For Profit
350,2,42.37025,-83.08442,For Profit
1,1,42.37032,-83.21186,For Profit
254,1,42.37053,-83.08243,For Profit
76,2,42.37056,-83.07968,For Profit
135,1,42.37082,-82.9514,For Profit
26,2,42.37174,-82.99652,For Profit
280,2,42.37178,-83.23838,For Profit
56,1,42.37227,-83.10104,Non-Profit
50,1,42.37241,-82.99582,For Profit
82,1,42.37256,-83.0986,For Profit
71,2,42.37273,-83.07981,For Profit
104,1,42.37275,-83.07952,For Profit
38,1,42.373,-83.09795,For Profit
86,1,42.37374,-83.09828,For Profit
44,2,42.374,-83.11803,For Profit
24,1,42.37442,-83.06363,For Profit
1,1,42.37474,-83.17878,For Profit
71,1,42.37484,-83.07698,For Profit
53,1,42.3752,-83.07586,For Profit
24,1,42.37549,-82.95739,For Profit
10,1,42.37569,-82.95731,For Profit
38,1,42.37598,-83.16938,Non-Profit
27,0,42.37619,-83.11759,For Profit
99,2,42.37621,-82.98062,For Profit
42,1,42.37628,-83.11225,For Profit
42,1,42.37638,-83.11197,For Profit
96,3,42.37657,-83.12766,Multiple
10,0,42.37704,-83.12847,Non-Profit
45,1,42.37718,-82.98394,Non-Profit
38,3,42.37769,-83.11304,For Profit
73,1,42.37776,-83.08208,For Profit
139,0,42.37789,-83.12299,Non-Profit
30,2,42.37808,-82.94962,Non-Profit
100,1,42.37845,-83.08267,For Profit
11,2,42.37952,-83.08318,For Profit
200,1,42.37966,-83.01402,Multiple
9,1,42.37986,-83.07986,For Profit
50,1,42.38307,-83.07002,For Profit
50,2,42.38412,-82.98473,For Profit
54,1,42.3842,-82.96364,For Profit
62,0,42.3847,-83.00293,Non-Profit
39,1,42.3847,-82.95103,Non-Profit
24,1,42.38497,-83.0813,Non-Profit
5,1,42.38703,-83.24552,For Profit
35,1,42.38736,-83.10873,For Profit
45,2,42.38758,-82.97163,Multiple
1,1,42.38856,-83.17086,For Profit
50,1,42.38905,-83.26006,For Profit
79,2,42.3892,-83.05627,For Profit
30,1,42.38952,-83.00422,For Profit
50,2,42.39008,-83.25906,For Profit
138,2,42.39076,-82.97184,Non-Profit
59,0,42.3909,-82.98498,Non-Profit
50,1,42.39159,-82.96527,Non-Profit
64,1,42.39175,-82.95057,Non-Profit
32,2,42.3925,-82.96356,For Profit
60,1,42.39277,-82.96231,Non-Profit
50,2,42.39357,-83.01324,For Profit
45,1,42.39387,-83.24578,For Profit
1,1,42.39387,-83.1841,For Profit
5,1,42.39401,-82.93799,For Profit
223,1,42.39443,-83.13225,For Profit
2,1,42.39473,-82.93986,For Profit
64,1,42.39501,-83.03756,For Profit
1,1,42.39548,-83.19365,For Profit
1,1,42.39591,-83.18418,For Profit
88,1,42.39701,-83.19845,For Profit
1,1,42.39803,-82.94697,For Profit
45,1,42.39808,-83.00808,For Profit
1,1,42.39845,-82.94229,For Profit
1,1,42.39906,-83.17021,For Profit
1,1,42.3992,-83.18225,For Profit
1,1,42.39922,-83.178,For Profit
1,1,42.39922,-83.178,For Profit
23,2,42.40032,-83.26704,Non-Profit
1,1,42.40041,-83.17045,For Profit
43,1,42.40052,-83.16375,Non-Profit
57,0,42.40152,-83.21629,Non-Profit
55,0,42.40161,-83.11365,Non-Profit
45,1,42.40173,-83.15136,For Profit
45,1,42.40192,-83.15062,Non-Profit
1,1,42.40208,-82.97592,For Profit
155,2,42.40276,-83.11307,For Profit
24,3,42.4029,-83.11217,For Profit
1,1,42.403362,-82.977927,For Profit
1,1,42.40363,-83.16415,For Profit
1,1,42.40418,-83.18343,For Profit
1,1,42.40447,-83.16643,For Profit
60,2,42.40493,-83.09892,Multiple
1,1,42.40605,-82.97715,For Profit
1,1,42.40703,-83.17493,For Profit
1,1,42.40789,-83.17714,For Profit
76,1,42.40854,-82.96654,For Profit
11,2,42.40938,-83.18933,For Profit
29,2,42.40956,-82.96463,Non-Profit
22,1,42.409869,-83.139467,For Profit
30,1,42.40988,-83.13663,For Profit
11,1,42.40995,-83.14492,For Profit
1,1,42.41005,-82.93137,For Profit
148,2,42.4107,-83.25736,Non-Profit
1,1,42.41107,-82.92265,For Profit
1,1,42.41108,-83.02122,For Profit
1,1,42.41213,-83.00107,For Profit
21,2,42.41304,-82.94389,For Profit
1,1,42.41336,-83.14276,For Profit
1,1,42.41398,-83.07617,For Profit
45,0,42.41451,-82.9123,Non-Profit
81,2,42.41452,-83.16012,Non-Profit
80,0,42.41492,-83.16014,Non-Profit
1,1,42.41678,-83.24916,For Profit
209,3,42.41732,-83.21843,For Profit
69,1,42.41852,-83.08197,Non-Profit
20,1,42.41868,-83.18952,For Profit
40,1,42.41971,-82.98317,Non-Profit
1,1,42.42004,-82.96684,For Profit
65,2,42.42021,-83.19002,Non-Profit
17,2,42.42045,-82.93939,For Profit
1,1,42.42149,-83.00643,For Profit
65,0,42.42186,-83.19458,Non-Profit
75,0,42.42217,-83.17027,Non-Profit
1,1,42.4222,-82.99931,For Profit
38,1,42.42323,-83.25809,For Profit
58,1,42.42377,-83.2581,For Profit
12,1,42.42404,-83.09993,For Profit
1,1,42.42459,-82.94835,For Profit
1,1,42.42471,-82.97657,For Profit
1,1,42.42477,-83.27534,For Profit
11,1,42.42536,-83.10132,For Profit
1,1,42.42572,-82.96171,For Profit
1,1,42.42605,-83.07584,For Profit
40,1,42.42673,-82.95126,For Profit
1,1,42.42783,-82.98841,For Profit
1,1,42.42788,-83.06775,For Profit
250,2,42.42957,-83.23895,For Profit
1,1,42.42963,-82.95536,For Profit
89,0,42.42992,-83.27265,Non-Profit
193,1,42.43053,-83.19867,For Profit
48,2,42.43071,-83.25845,For Profit
49,1,42.43072,-82.972,Non-Profit
1,1,42.43079,-83.07602,For Profit
1,1,42.43228,-82.96401,For Profit
1,1,42.43341,-83.00826,For Profit
1,1,42.43513,-82.9997,For Profit
176,1,42.43518,-83.27787,For Profit
36,1,42.43524,-83.10735,For Profit
1,1,42.43629,-82.96803,For Profit
36,1,42.43636,-83.10775,For Profit
1,1,42.43712,-82.965,For Profit
1,1,42.4373,-82.98773,For Profit
1,1,42.43886,-83.0473,For Profit
1,1,42.43916,-83.00601,For Profit
1,1,42.43928,-82.96734,For Profit
1,1,42.43932,-82.97318,For Profit
1,1,42.43934,-82.95279,For Profit
1,1,42.43946,-82.96724,For Profit
1,1,42.43946,-82.96724,For Profit
1,1,42.43963,-83.06868,For Profit
1,1,42.43994,-82.96026,For Profit
1,1,42.44022,-82.96825,For Profit
1,1,42.44062,-83.00011,For Profit
3,1,42.440757,-83.073682,For Profit
1,1,42.44099,-82.96825,For Profit
151,2,42.44133,-83.08308,Non-Profit
48,1,42.44142,-83.01988,For Profit
48,2,42.44145,-83.02231,Non-Profit
1,1,42.44273,-82.99751,For Profit
1,1,42.44307,-83.06873,For Profit
1,1,42.4431,-82.98898,For Profit
1,1,42.44314,-83.06582,For Profit
1,1,42.44342,-83.0985,For Profit
1,1,42.44382,-83.07196,For Profit
5,1,42.44406,-82.99775,For Profit
1,1,42.44408,-82.99633,For Profit
1,1,42.44409,-82.99651,For Profit
1,1,42.44429,-82.98921,For Profit
1,1,42.44436,-83.02146,For Profit
1,1,42.44445,-82.98662,For Profit
1,1,42.44564,-83.06904,For Profit
1,1,42.44568,-82.958,For Profit
1,1,42.44577,-83.00014,For Profit
5,1,42.44578,-82.99889,For Profit
1,1,42.44578,-82.99889,For Profit
1,1,42.44777,-82.99529,For Profit
1,1,42.44779,-82.99058,For Profit
5,1,42.44779,-82.99407,For Profit
1,1,42.44784,-82.98917,For Profit
